"Project","ScanDate","DependencyName","DependencyPath","Description","License","Md5","Sha1","Identifiers","CPE","CVE","CWE","Vulnerability","Source","CVSSv2_Severity","CVSSv2_Score","CVSSv2","CVSSv3_BaseSeverity","CVSSv3_BaseScore","CVSSv3","CPE Confidence","Evidence Count"
spring-boot-demo,"Wed, 1 Jun 2022 16:16:23 -0500",gson-2.8.6.jar,C:\Users\crist\.m2\repository\com\google\code\gson\gson\2.8.6\gson-2.8.6.jar,Gson JSON library,"",310f5841387183aca7900fead98d4858,9180733b7df8542621dc12e21e87557e8c99b8cb,pkg:maven/com.google.code.gson/gson@2.8.6,cpe:2.3:a:google:gson:2.8.6:*:*:*:*:*:*:*,CVE-2022-25647,CWE-502 Deserialization of Untrusted Data,"The package com.google.code.gson:gson before 2.8.9 are vulnerable to Deserialization of Untrusted Data via the writeReplace() method in internal classes, which may lead to DoS attacks.",NVD,MEDIUM,5.0,/AV:N/AC:L/Au:N/C:N/I:N/A:P,HIGH,7.5,CVSS:3.1/AV:N/AC:L/PR:N/UI:N/S:U/C:N/I:N/A:H,HIGH,29
spring-boot-demo,"Wed, 1 Jun 2022 16:16:23 -0500",jackson-databind-2.11.2.jar,C:\Users\crist\.m2\repository\com\fasterxml\jackson\core\jackson-databind\2.11.2\jackson-databind-2.11.2.jar,General data-binding functionality for Jackson: works on core streaming API,"The Apache Software License, Version 2.0: http://www.apache.org/licenses/LICENSE-2.0.txt",14fd0effa4d1d3e09edb36423be82aff,ee08bbd8975dde844307fe8309dfcd5ec7ee129d,pkg:maven/com.fasterxml.jackson.core/jackson-databind@2.11.2,"cpe:2.3:a:fasterxml:jackson-databind:2.11.2:*:*:*:*:*:*:*, cpe:2.3:a:fasterxml:jackson-modules-java8:2.11.2:*:*:*:*:*:*:*",CVE-2020-36518,CWE-787 Out-of-bounds Write,jackson-databind before 2.13.0 allows a Java StackOverflow exception and denial of service via a large depth of nested objects.,NVD,MEDIUM,5.0,/AV:N/AC:L/Au:N/C:N/I:N/A:P,HIGH,7.5,CVSS:3.1/AV:N/AC:L/PR:N/UI:N/S:U/C:N/I:N/A:H,HIGH,43
spring-boot-demo,"Wed, 1 Jun 2022 16:16:23 -0500",jakarta.el-3.0.3.jar,C:\Users\crist\.m2\repository\org\glassfish\jakarta.el\3.0.3\jakarta.el-3.0.3.jar,"Jakarta Expression Language provides a specification document, API, reference implementation and TCK          that describes an expression language for Java applications.",EPL 2.0: http://www.eclipse.org/legal/epl-2.0 GPL2 w/ CPE: https://www.gnu.org/software/classpath/license.html,6bb54dbf912bf1b6c79592838db76b51,dab46ee1ee23f7197c13d7c40fce14817c9017df,pkg:maven/org.glassfish/jakarta.el@3.0.3,cpe:2.3:a:eclipse:jakarta_expression_language:3.0.3:*:*:*:*:*:*:*,CVE-2021-28170,CWE-917 Improper Neutralization of Special Elements used in an Expression Language Statement ('Expression Language Injection'),"In the Jakarta Expression Language implementation 3.0.3 and earlier, a bug in the ELParserTokenManager enables invalid EL expressions to be evaluated as if they were valid.",NVD,MEDIUM,5.0,/AV:N/AC:L/Au:N/C:N/I:P/A:N,MEDIUM,5.3,CVSS:3.1/AV:N/AC:L/PR:N/UI:N/S:U/C:N/I:L/A:N,HIGH,38
spring-boot-demo,"Wed, 1 Jun 2022 16:16:23 -0500",logback-core-1.2.3.jar,C:\Users\crist\.m2\repository\ch\qos\logback\logback-core\1.2.3\logback-core-1.2.3.jar,logback-core module,"http://www.eclipse.org/legal/epl-v10.html, http://www.gnu.org/licenses/old-licenses/lgpl-2.1.html",841fc80c6edff60d947a3872a2db4d45,864344400c3d4d92dfeb0a305dc87d953677c03c,pkg:maven/ch.qos.logback/logback-core@1.2.3,cpe:2.3:a:qos:logback:1.2.3:*:*:*:*:*:*:*,CVE-2021-42550,CWE-502 Deserialization of Untrusted Data,"In logback version 1.2.7 and prior versions, an attacker with the required privileges to edit configurations files could craft a malicious configuration allowing to execute arbitrary code loaded from LDAP servers.",NVD,HIGH,8.5,/AV:N/AC:M/Au:S/C:C/I:C/A:C,MEDIUM,6.6,CVSS:3.1/AV:N/AC:H/PR:H/UI:N/S:U/C:H/I:H/A:H,HIGH,32
spring-boot-demo,"Wed, 1 Jun 2022 16:16:23 -0500",spring-boot-2.3.4.RELEASE.jar,C:\Users\crist\.m2\repository\org\springframework\boot\spring-boot\2.3.4.RELEASE\spring-boot-2.3.4.RELEASE.jar,Spring Boot,"Apache License, Version 2.0: https://www.apache.org/licenses/LICENSE-2.0",d344958f6acd622e442372aaa02953a9,f23f14ae4062d5983db89b7c7336166b6734fc57,pkg:maven/org.springframework.boot/spring-boot@2.3.4.RELEASE,"cpe:2.3:a:vmware:spring_boot:2.3.4:release:*:*:*:*:*:*, cpe:2.3:a:vmware:spring_framework:2.3.4:release:*:*:*:*:*:*",CVE-2013-4152,"CWE-264 Permissions, Privileges, and Access Controls","The Spring OXM wrapper in Spring Framework before 3.2.4 and 4.0.0.M1, when using the JAXB marshaller, does not disable entity resolution, which allows context-dependent attackers to read arbitrary files, cause a denial of service, and conduct CSRF attacks via an XML external entity declaration in conjunction with an entity reference in a (1) DOMSource, (2) StAXSource, (3) SAXSource, or (4) StreamSource, aka an XML External Entity (XXE) issue.",NVD,MEDIUM,6.8,/AV:N/AC:M/Au:N/C:P/I:P/A:P,"","","",HIGH,29
spring-boot-demo,"Wed, 1 Jun 2022 16:16:23 -0500",spring-boot-2.3.4.RELEASE.jar,C:\Users\crist\.m2\repository\org\springframework\boot\spring-boot\2.3.4.RELEASE\spring-boot-2.3.4.RELEASE.jar,Spring Boot,"Apache License, Version 2.0: https://www.apache.org/licenses/LICENSE-2.0",d344958f6acd622e442372aaa02953a9,f23f14ae4062d5983db89b7c7336166b6734fc57,pkg:maven/org.springframework.boot/spring-boot@2.3.4.RELEASE,"cpe:2.3:a:vmware:spring_boot:2.3.4:release:*:*:*:*:*:*, cpe:2.3:a:vmware:spring_framework:2.3.4:release:*:*:*:*:*:*",CVE-2013-7315,"CWE-264 Permissions, Privileges, and Access Controls","The Spring MVC in Spring Framework before 3.2.4 and 4.0.0.M1 through 4.0.0.M2 does not disable external entity resolution for the StAX XMLInputFactory, which allows context-dependent attackers to read arbitrary files, cause a denial of service, and conduct CSRF attacks via crafted XML with JAXB, aka an XML External Entity (XXE) issue, and a different vulnerability than CVE-2013-4152.  NOTE: this issue was SPLIT from CVE-2013-4152 due to different affected versions.",NVD,MEDIUM,6.8,/AV:N/AC:M/Au:N/C:P/I:P/A:P,"","","",HIGH,29
spring-boot-demo,"Wed, 1 Jun 2022 16:16:23 -0500",spring-boot-2.3.4.RELEASE.jar,C:\Users\crist\.m2\repository\org\springframework\boot\spring-boot\2.3.4.RELEASE\spring-boot-2.3.4.RELEASE.jar,Spring Boot,"Apache License, Version 2.0: https://www.apache.org/licenses/LICENSE-2.0",d344958f6acd622e442372aaa02953a9,f23f14ae4062d5983db89b7c7336166b6734fc57,pkg:maven/org.springframework.boot/spring-boot@2.3.4.RELEASE,"cpe:2.3:a:vmware:spring_boot:2.3.4:release:*:*:*:*:*:*, cpe:2.3:a:vmware:spring_framework:2.3.4:release:*:*:*:*:*:*",CVE-2014-0054,CWE-352 Cross-Site Request Forgery (CSRF),"The Jaxb2RootElementHttpMessageConverter in Spring MVC in Spring Framework before 3.2.8 and 4.0.0 before 4.0.2 does not disable external entity resolution, which allows remote attackers to read arbitrary files, cause a denial of service, and conduct CSRF attacks via crafted XML, aka an XML External Entity (XXE) issue.  NOTE: this vulnerability exists because of an incomplete fix for CVE-2013-4152, CVE-2013-7315, and CVE-2013-6429.",NVD,MEDIUM,6.8,/AV:N/AC:M/Au:N/C:P/I:P/A:P,"","","",HIGH,29
spring-boot-demo,"Wed, 1 Jun 2022 16:16:23 -0500",spring-boot-2.3.4.RELEASE.jar,C:\Users\crist\.m2\repository\org\springframework\boot\spring-boot\2.3.4.RELEASE\spring-boot-2.3.4.RELEASE.jar,Spring Boot,"Apache License, Version 2.0: https://www.apache.org/licenses/LICENSE-2.0",d344958f6acd622e442372aaa02953a9,f23f14ae4062d5983db89b7c7336166b6734fc57,pkg:maven/org.springframework.boot/spring-boot@2.3.4.RELEASE,"cpe:2.3:a:vmware:spring_boot:2.3.4:release:*:*:*:*:*:*, cpe:2.3:a:vmware:spring_framework:2.3.4:release:*:*:*:*:*:*",CVE-2016-1000027,CWE-502 Deserialization of Untrusted Data,"Pivotal Spring Framework through 5.3.16 suffers from a potential remote code execution (RCE) issue if used for Java deserialization of untrusted data. Depending on how the library is implemented within a product, this issue may or not occur, and authentication may be required. NOTE: the vendor's position is that untrusted data is not an intended use case. The product's behavior will not be changed because some users rely on deserialization of trusted data.",NVD,HIGH,7.5,/AV:N/AC:L/Au:N/C:P/I:P/A:P,CRITICAL,9.8,CVSS:3.1/AV:N/AC:L/PR:N/UI:N/S:U/C:H/I:H/A:H,HIGH,29
spring-boot-demo,"Wed, 1 Jun 2022 16:16:23 -0500",spring-boot-2.3.4.RELEASE.jar,C:\Users\crist\.m2\repository\org\springframework\boot\spring-boot\2.3.4.RELEASE\spring-boot-2.3.4.RELEASE.jar,Spring Boot,"Apache License, Version 2.0: https://www.apache.org/licenses/LICENSE-2.0",d344958f6acd622e442372aaa02953a9,f23f14ae4062d5983db89b7c7336166b6734fc57,pkg:maven/org.springframework.boot/spring-boot@2.3.4.RELEASE,"cpe:2.3:a:vmware:spring_boot:2.3.4:release:*:*:*:*:*:*, cpe:2.3:a:vmware:spring_framework:2.3.4:release:*:*:*:*:*:*",CVE-2022-22965,CWE-94 Improper Control of Generation of Code ('Code Injection'),"A Spring MVC or Spring WebFlux application running on JDK 9+ may be vulnerable to remote code execution (RCE) via data binding. The specific exploit requires the application to run on Tomcat as a WAR deployment. If the application is deployed as a Spring Boot executable jar, i.e. the default, it is not vulnerable to the exploit. However, the nature of the vulnerability is more general, and there may be other ways to exploit it.",NVD,HIGH,7.5,/AV:N/AC:L/Au:N/C:P/I:P/A:P,CRITICAL,9.8,CVSS:3.1/AV:N/AC:L/PR:N/UI:N/S:U/C:H/I:H/A:H,HIGH,29
spring-boot-demo,"Wed, 1 Jun 2022 16:16:23 -0500",spring-boot-2.3.4.RELEASE.jar,C:\Users\crist\.m2\repository\org\springframework\boot\spring-boot\2.3.4.RELEASE\spring-boot-2.3.4.RELEASE.jar,Spring Boot,"Apache License, Version 2.0: https://www.apache.org/licenses/LICENSE-2.0",d344958f6acd622e442372aaa02953a9,f23f14ae4062d5983db89b7c7336166b6734fc57,pkg:maven/org.springframework.boot/spring-boot@2.3.4.RELEASE,"cpe:2.3:a:vmware:spring_boot:2.3.4:release:*:*:*:*:*:*, cpe:2.3:a:vmware:spring_framework:2.3.4:release:*:*:*:*:*:*",CVE-2022-22968,CWE-178 Improper Handling of Case Sensitivity,"In Spring Framework versions 5.3.0 - 5.3.18, 5.2.0 - 5.2.20, and older unsupported versions, the patterns for disallowedFields on a DataBinder are case sensitive which means a field is not effectively protected unless it is listed with both upper and lower case for the first character of the field, including upper and lower case for the first character of all nested fields within the property path.",NVD,MEDIUM,5.0,/AV:N/AC:L/Au:N/C:N/I:P/A:N,MEDIUM,5.3,CVSS:3.1/AV:N/AC:L/PR:N/UI:N/S:U/C:N/I:L/A:N,HIGH,29
spring-boot-demo,"Wed, 1 Jun 2022 16:16:23 -0500",spring-boot-2.3.4.RELEASE.jar,C:\Users\crist\.m2\repository\org\springframework\boot\spring-boot\2.3.4.RELEASE\spring-boot-2.3.4.RELEASE.jar,Spring Boot,"Apache License, Version 2.0: https://www.apache.org/licenses/LICENSE-2.0",d344958f6acd622e442372aaa02953a9,f23f14ae4062d5983db89b7c7336166b6734fc57,pkg:maven/org.springframework.boot/spring-boot@2.3.4.RELEASE,"cpe:2.3:a:vmware:spring_boot:2.3.4:release:*:*:*:*:*:*, cpe:2.3:a:vmware:spring_framework:2.3.4:release:*:*:*:*:*:*",CVE-2022-27772,CWE-668 Exposure of Resource to Wrong Sphere,** UNSUPPORTED WHEN ASSIGNED ** spring-boot versions prior to version v2.2.11.RELEASE was vulnerable to temporary directory hijacking. This vulnerability impacted the org.springframework.boot.web.server.AbstractConfigurableWebServerFactory.createTempDir method. NOTE: This vulnerability only affects products and/or versions that are no longer supported by the maintainer.,OSSINDEX,HIGH,7.8,/AV:L/AC:L/Au:/C:H/I:H/A:H,"","","",HIGH,29
spring-boot-demo,"Wed, 1 Jun 2022 16:16:23 -0500",spring-boot-starter-2.3.4.RELEASE.jar,C:\Users\crist\.m2\repository\org\springframework\boot\spring-boot-starter\2.3.4.RELEASE\spring-boot-starter-2.3.4.RELEASE.jar,"Core starter, including auto-configuration support, logging and YAML","Apache License, Version 2.0: https://www.apache.org/licenses/LICENSE-2.0",043a584ae820281f4f50ded0e98dfac7,cfeb7cce94a342b4b31b64c42a82c287c2f17207,pkg:maven/org.springframework.boot/spring-boot-starter@2.3.4.RELEASE,"cpe:2.3:a:vmware:spring_boot:2.3.4:release:*:*:*:*:*:*, cpe:2.3:a:vmware:spring_framework:2.3.4:release:*:*:*:*:*:*",CVE-2013-4152,"CWE-264 Permissions, Privileges, and Access Controls","The Spring OXM wrapper in Spring Framework before 3.2.4 and 4.0.0.M1, when using the JAXB marshaller, does not disable entity resolution, which allows context-dependent attackers to read arbitrary files, cause a denial of service, and conduct CSRF attacks via an XML external entity declaration in conjunction with an entity reference in a (1) DOMSource, (2) StAXSource, (3) SAXSource, or (4) StreamSource, aka an XML External Entity (XXE) issue.",NVD,MEDIUM,6.8,/AV:N/AC:M/Au:N/C:P/I:P/A:P,"","","",HIGH,25
spring-boot-demo,"Wed, 1 Jun 2022 16:16:23 -0500",spring-boot-starter-2.3.4.RELEASE.jar,C:\Users\crist\.m2\repository\org\springframework\boot\spring-boot-starter\2.3.4.RELEASE\spring-boot-starter-2.3.4.RELEASE.jar,"Core starter, including auto-configuration support, logging and YAML","Apache License, Version 2.0: https://www.apache.org/licenses/LICENSE-2.0",043a584ae820281f4f50ded0e98dfac7,cfeb7cce94a342b4b31b64c42a82c287c2f17207,pkg:maven/org.springframework.boot/spring-boot-starter@2.3.4.RELEASE,"cpe:2.3:a:vmware:spring_boot:2.3.4:release:*:*:*:*:*:*, cpe:2.3:a:vmware:spring_framework:2.3.4:release:*:*:*:*:*:*",CVE-2013-7315,"CWE-264 Permissions, Privileges, and Access Controls","The Spring MVC in Spring Framework before 3.2.4 and 4.0.0.M1 through 4.0.0.M2 does not disable external entity resolution for the StAX XMLInputFactory, which allows context-dependent attackers to read arbitrary files, cause a denial of service, and conduct CSRF attacks via crafted XML with JAXB, aka an XML External Entity (XXE) issue, and a different vulnerability than CVE-2013-4152.  NOTE: this issue was SPLIT from CVE-2013-4152 due to different affected versions.",NVD,MEDIUM,6.8,/AV:N/AC:M/Au:N/C:P/I:P/A:P,"","","",HIGH,25
spring-boot-demo,"Wed, 1 Jun 2022 16:16:23 -0500",spring-boot-starter-2.3.4.RELEASE.jar,C:\Users\crist\.m2\repository\org\springframework\boot\spring-boot-starter\2.3.4.RELEASE\spring-boot-starter-2.3.4.RELEASE.jar,"Core starter, including auto-configuration support, logging and YAML","Apache License, Version 2.0: https://www.apache.org/licenses/LICENSE-2.0",043a584ae820281f4f50ded0e98dfac7,cfeb7cce94a342b4b31b64c42a82c287c2f17207,pkg:maven/org.springframework.boot/spring-boot-starter@2.3.4.RELEASE,"cpe:2.3:a:vmware:spring_boot:2.3.4:release:*:*:*:*:*:*, cpe:2.3:a:vmware:spring_framework:2.3.4:release:*:*:*:*:*:*",CVE-2014-0054,CWE-352 Cross-Site Request Forgery (CSRF),"The Jaxb2RootElementHttpMessageConverter in Spring MVC in Spring Framework before 3.2.8 and 4.0.0 before 4.0.2 does not disable external entity resolution, which allows remote attackers to read arbitrary files, cause a denial of service, and conduct CSRF attacks via crafted XML, aka an XML External Entity (XXE) issue.  NOTE: this vulnerability exists because of an incomplete fix for CVE-2013-4152, CVE-2013-7315, and CVE-2013-6429.",NVD,MEDIUM,6.8,/AV:N/AC:M/Au:N/C:P/I:P/A:P,"","","",HIGH,25
spring-boot-demo,"Wed, 1 Jun 2022 16:16:23 -0500",spring-boot-starter-2.3.4.RELEASE.jar,C:\Users\crist\.m2\repository\org\springframework\boot\spring-boot-starter\2.3.4.RELEASE\spring-boot-starter-2.3.4.RELEASE.jar,"Core starter, including auto-configuration support, logging and YAML","Apache License, Version 2.0: https://www.apache.org/licenses/LICENSE-2.0",043a584ae820281f4f50ded0e98dfac7,cfeb7cce94a342b4b31b64c42a82c287c2f17207,pkg:maven/org.springframework.boot/spring-boot-starter@2.3.4.RELEASE,"cpe:2.3:a:vmware:spring_boot:2.3.4:release:*:*:*:*:*:*, cpe:2.3:a:vmware:spring_framework:2.3.4:release:*:*:*:*:*:*",CVE-2016-1000027,CWE-502 Deserialization of Untrusted Data,"Pivotal Spring Framework through 5.3.16 suffers from a potential remote code execution (RCE) issue if used for Java deserialization of untrusted data. Depending on how the library is implemented within a product, this issue may or not occur, and authentication may be required. NOTE: the vendor's position is that untrusted data is not an intended use case. The product's behavior will not be changed because some users rely on deserialization of trusted data.",NVD,HIGH,7.5,/AV:N/AC:L/Au:N/C:P/I:P/A:P,CRITICAL,9.8,CVSS:3.1/AV:N/AC:L/PR:N/UI:N/S:U/C:H/I:H/A:H,HIGH,25
spring-boot-demo,"Wed, 1 Jun 2022 16:16:23 -0500",spring-boot-starter-2.3.4.RELEASE.jar,C:\Users\crist\.m2\repository\org\springframework\boot\spring-boot-starter\2.3.4.RELEASE\spring-boot-starter-2.3.4.RELEASE.jar,"Core starter, including auto-configuration support, logging and YAML","Apache License, Version 2.0: https://www.apache.org/licenses/LICENSE-2.0",043a584ae820281f4f50ded0e98dfac7,cfeb7cce94a342b4b31b64c42a82c287c2f17207,pkg:maven/org.springframework.boot/spring-boot-starter@2.3.4.RELEASE,"cpe:2.3:a:vmware:spring_boot:2.3.4:release:*:*:*:*:*:*, cpe:2.3:a:vmware:spring_framework:2.3.4:release:*:*:*:*:*:*",CVE-2022-22965,CWE-94 Improper Control of Generation of Code ('Code Injection'),"A Spring MVC or Spring WebFlux application running on JDK 9+ may be vulnerable to remote code execution (RCE) via data binding. The specific exploit requires the application to run on Tomcat as a WAR deployment. If the application is deployed as a Spring Boot executable jar, i.e. the default, it is not vulnerable to the exploit. However, the nature of the vulnerability is more general, and there may be other ways to exploit it.",NVD,HIGH,7.5,/AV:N/AC:L/Au:N/C:P/I:P/A:P,CRITICAL,9.8,CVSS:3.1/AV:N/AC:L/PR:N/UI:N/S:U/C:H/I:H/A:H,HIGH,25
spring-boot-demo,"Wed, 1 Jun 2022 16:16:23 -0500",spring-boot-starter-2.3.4.RELEASE.jar,C:\Users\crist\.m2\repository\org\springframework\boot\spring-boot-starter\2.3.4.RELEASE\spring-boot-starter-2.3.4.RELEASE.jar,"Core starter, including auto-configuration support, logging and YAML","Apache License, Version 2.0: https://www.apache.org/licenses/LICENSE-2.0",043a584ae820281f4f50ded0e98dfac7,cfeb7cce94a342b4b31b64c42a82c287c2f17207,pkg:maven/org.springframework.boot/spring-boot-starter@2.3.4.RELEASE,"cpe:2.3:a:vmware:spring_boot:2.3.4:release:*:*:*:*:*:*, cpe:2.3:a:vmware:spring_framework:2.3.4:release:*:*:*:*:*:*",CVE-2022-22968,CWE-178 Improper Handling of Case Sensitivity,"In Spring Framework versions 5.3.0 - 5.3.18, 5.2.0 - 5.2.20, and older unsupported versions, the patterns for disallowedFields on a DataBinder are case sensitive which means a field is not effectively protected unless it is listed with both upper and lower case for the first character of the field, including upper and lower case for the first character of all nested fields within the property path.",NVD,MEDIUM,5.0,/AV:N/AC:L/Au:N/C:N/I:P/A:N,MEDIUM,5.3,CVSS:3.1/AV:N/AC:L/PR:N/UI:N/S:U/C:N/I:L/A:N,HIGH,25
spring-boot-demo,"Wed, 1 Jun 2022 16:16:23 -0500",spring-core-5.2.9.RELEASE.jar,C:\Users\crist\.m2\repository\org\springframework\spring-core\5.2.9.RELEASE\spring-core-5.2.9.RELEASE.jar,Spring Core,"Apache License, Version 2.0: https://www.apache.org/licenses/LICENSE-2.0",a063b16385dbeee24b99dad07bb4ae1f,400a6fdb45bfa5318aa7d06360f4495b75080bb5,pkg:maven/org.springframework/spring-core@5.2.9.RELEASE,"cpe:2.3:a:pivotal_software:spring_framework:5.2.9:release:*:*:*:*:*:*, cpe:2.3:a:springsource:spring_framework:5.2.9:release:*:*:*:*:*:*, cpe:2.3:a:vmware:spring_framework:5.2.9:release:*:*:*:*:*:*, cpe:2.3:a:vmware:springsource_spring_framework:5.2.9:release:*:*:*:*:*:*",CVE-2016-1000027,CWE-502 Deserialization of Untrusted Data,"Pivotal Spring Framework through 5.3.16 suffers from a potential remote code execution (RCE) issue if used for Java deserialization of untrusted data. Depending on how the library is implemented within a product, this issue may or not occur, and authentication may be required. NOTE: the vendor's position is that untrusted data is not an intended use case. The product's behavior will not be changed because some users rely on deserialization of trusted data.",NVD,HIGH,7.5,/AV:N/AC:L/Au:N/C:P/I:P/A:P,CRITICAL,9.8,CVSS:3.1/AV:N/AC:L/PR:N/UI:N/S:U/C:H/I:H/A:H,HIGH,30
spring-boot-demo,"Wed, 1 Jun 2022 16:16:23 -0500",spring-core-5.2.9.RELEASE.jar,C:\Users\crist\.m2\repository\org\springframework\spring-core\5.2.9.RELEASE\spring-core-5.2.9.RELEASE.jar,Spring Core,"Apache License, Version 2.0: https://www.apache.org/licenses/LICENSE-2.0",a063b16385dbeee24b99dad07bb4ae1f,400a6fdb45bfa5318aa7d06360f4495b75080bb5,pkg:maven/org.springframework/spring-core@5.2.9.RELEASE,"cpe:2.3:a:pivotal_software:spring_framework:5.2.9:release:*:*:*:*:*:*, cpe:2.3:a:springsource:spring_framework:5.2.9:release:*:*:*:*:*:*, cpe:2.3:a:vmware:spring_framework:5.2.9:release:*:*:*:*:*:*, cpe:2.3:a:vmware:springsource_spring_framework:5.2.9:release:*:*:*:*:*:*",CVE-2021-22060,NVD-CWE-noinfo,"In Spring Framework versions 5.3.0 - 5.3.13, 5.2.0 - 5.2.18, and older unsupported versions, it is possible for a user to provide malicious input to cause the insertion of additional log entries. This is a follow-up to CVE-2021-22096 that protects against additional types of input and in more places of the Spring Framework codebase.",NVD,MEDIUM,4.0,/AV:N/AC:L/Au:S/C:N/I:P/A:N,MEDIUM,4.3,CVSS:3.1/AV:N/AC:L/PR:L/UI:N/S:U/C:N/I:L/A:N,HIGH,30
spring-boot-demo,"Wed, 1 Jun 2022 16:16:23 -0500",spring-core-5.2.9.RELEASE.jar,C:\Users\crist\.m2\repository\org\springframework\spring-core\5.2.9.RELEASE\spring-core-5.2.9.RELEASE.jar,Spring Core,"Apache License, Version 2.0: https://www.apache.org/licenses/LICENSE-2.0",a063b16385dbeee24b99dad07bb4ae1f,400a6fdb45bfa5318aa7d06360f4495b75080bb5,pkg:maven/org.springframework/spring-core@5.2.9.RELEASE,"cpe:2.3:a:pivotal_software:spring_framework:5.2.9:release:*:*:*:*:*:*, cpe:2.3:a:springsource:spring_framework:5.2.9:release:*:*:*:*:*:*, cpe:2.3:a:vmware:spring_framework:5.2.9:release:*:*:*:*:*:*, cpe:2.3:a:vmware:springsource_spring_framework:5.2.9:release:*:*:*:*:*:*",CVE-2021-22096,NVD-CWE-Other,"In Spring Framework versions 5.3.0 - 5.3.10, 5.2.0 - 5.2.17, and older unsupported versions, it is possible for a user to provide malicious input to cause the insertion of additional log entries.",NVD,MEDIUM,4.0,/AV:N/AC:L/Au:S/C:N/I:P/A:N,MEDIUM,4.3,CVSS:3.1/AV:N/AC:L/PR:L/UI:N/S:U/C:N/I:L/A:N,HIGH,30
spring-boot-demo,"Wed, 1 Jun 2022 16:16:23 -0500",spring-core-5.2.9.RELEASE.jar,C:\Users\crist\.m2\repository\org\springframework\spring-core\5.2.9.RELEASE\spring-core-5.2.9.RELEASE.jar,Spring Core,"Apache License, Version 2.0: https://www.apache.org/licenses/LICENSE-2.0",a063b16385dbeee24b99dad07bb4ae1f,400a6fdb45bfa5318aa7d06360f4495b75080bb5,pkg:maven/org.springframework/spring-core@5.2.9.RELEASE,"cpe:2.3:a:pivotal_software:spring_framework:5.2.9:release:*:*:*:*:*:*, cpe:2.3:a:springsource:spring_framework:5.2.9:release:*:*:*:*:*:*, cpe:2.3:a:vmware:spring_framework:5.2.9:release:*:*:*:*:*:*, cpe:2.3:a:vmware:springsource_spring_framework:5.2.9:release:*:*:*:*:*:*",CVE-2021-22118,CWE-269 Improper Privilege Management,"In Spring Framework, versions 5.2.x prior to 5.2.15 and versions 5.3.x prior to 5.3.7, a WebFlux application is vulnerable to a privilege escalation: by (re)creating the temporary storage directory, a locally authenticated malicious user can read or modify files that have been uploaded to the WebFlux application, or overwrite arbitrary files with multipart request data.",NVD,MEDIUM,4.6,/AV:L/AC:L/Au:N/C:P/I:P/A:P,HIGH,7.8,CVSS:3.1/AV:L/AC:L/PR:L/UI:N/S:U/C:H/I:H/A:H,HIGH,30
spring-boot-demo,"Wed, 1 Jun 2022 16:16:23 -0500",spring-core-5.2.9.RELEASE.jar,C:\Users\crist\.m2\repository\org\springframework\spring-core\5.2.9.RELEASE\spring-core-5.2.9.RELEASE.jar,Spring Core,"Apache License, Version 2.0: https://www.apache.org/licenses/LICENSE-2.0",a063b16385dbeee24b99dad07bb4ae1f,400a6fdb45bfa5318aa7d06360f4495b75080bb5,pkg:maven/org.springframework/spring-core@5.2.9.RELEASE,"cpe:2.3:a:pivotal_software:spring_framework:5.2.9:release:*:*:*:*:*:*, cpe:2.3:a:springsource:spring_framework:5.2.9:release:*:*:*:*:*:*, cpe:2.3:a:vmware:spring_framework:5.2.9:release:*:*:*:*:*:*, cpe:2.3:a:vmware:springsource_spring_framework:5.2.9:release:*:*:*:*:*:*",CVE-2022-22950,CWE-770 Allocation of Resources Without Limits or Throttling,"n Spring Framework versions 5.3.0 - 5.3.16 and older unsupported versions, it is possible for a user to provide a specially crafted SpEL expression that may cause a denial of service condition.",NVD,MEDIUM,4.0,/AV:N/AC:L/Au:S/C:N/I:N/A:P,MEDIUM,6.5,CVSS:3.1/AV:N/AC:L/PR:L/UI:N/S:U/C:N/I:N/A:H,HIGH,30
spring-boot-demo,"Wed, 1 Jun 2022 16:16:23 -0500",spring-core-5.2.9.RELEASE.jar,C:\Users\crist\.m2\repository\org\springframework\spring-core\5.2.9.RELEASE\spring-core-5.2.9.RELEASE.jar,Spring Core,"Apache License, Version 2.0: https://www.apache.org/licenses/LICENSE-2.0",a063b16385dbeee24b99dad07bb4ae1f,400a6fdb45bfa5318aa7d06360f4495b75080bb5,pkg:maven/org.springframework/spring-core@5.2.9.RELEASE,"cpe:2.3:a:pivotal_software:spring_framework:5.2.9:release:*:*:*:*:*:*, cpe:2.3:a:springsource:spring_framework:5.2.9:release:*:*:*:*:*:*, cpe:2.3:a:vmware:spring_framework:5.2.9:release:*:*:*:*:*:*, cpe:2.3:a:vmware:springsource_spring_framework:5.2.9:release:*:*:*:*:*:*",CVE-2022-22965,CWE-94 Improper Control of Generation of Code ('Code Injection'),"A Spring MVC or Spring WebFlux application running on JDK 9+ may be vulnerable to remote code execution (RCE) via data binding. The specific exploit requires the application to run on Tomcat as a WAR deployment. If the application is deployed as a Spring Boot executable jar, i.e. the default, it is not vulnerable to the exploit. However, the nature of the vulnerability is more general, and there may be other ways to exploit it.",NVD,HIGH,7.5,/AV:N/AC:L/Au:N/C:P/I:P/A:P,CRITICAL,9.8,CVSS:3.1/AV:N/AC:L/PR:N/UI:N/S:U/C:H/I:H/A:H,HIGH,30
spring-boot-demo,"Wed, 1 Jun 2022 16:16:23 -0500",spring-core-5.2.9.RELEASE.jar,C:\Users\crist\.m2\repository\org\springframework\spring-core\5.2.9.RELEASE\spring-core-5.2.9.RELEASE.jar,Spring Core,"Apache License, Version 2.0: https://www.apache.org/licenses/LICENSE-2.0",a063b16385dbeee24b99dad07bb4ae1f,400a6fdb45bfa5318aa7d06360f4495b75080bb5,pkg:maven/org.springframework/spring-core@5.2.9.RELEASE,"cpe:2.3:a:pivotal_software:spring_framework:5.2.9:release:*:*:*:*:*:*, cpe:2.3:a:springsource:spring_framework:5.2.9:release:*:*:*:*:*:*, cpe:2.3:a:vmware:spring_framework:5.2.9:release:*:*:*:*:*:*, cpe:2.3:a:vmware:springsource_spring_framework:5.2.9:release:*:*:*:*:*:*",CVE-2022-22968,CWE-178 Improper Handling of Case Sensitivity,"In Spring Framework versions 5.3.0 - 5.3.18, 5.2.0 - 5.2.20, and older unsupported versions, the patterns for disallowedFields on a DataBinder are case sensitive which means a field is not effectively protected unless it is listed with both upper and lower case for the first character of the field, including upper and lower case for the first character of all nested fields within the property path.",NVD,MEDIUM,5.0,/AV:N/AC:L/Au:N/C:N/I:P/A:N,MEDIUM,5.3,CVSS:3.1/AV:N/AC:L/PR:N/UI:N/S:U/C:N/I:L/A:N,HIGH,30
spring-boot-demo,"Wed, 1 Jun 2022 16:16:23 -0500",spring-core-5.2.9.RELEASE.jar,C:\Users\crist\.m2\repository\org\springframework\spring-core\5.2.9.RELEASE\spring-core-5.2.9.RELEASE.jar,Spring Core,"Apache License, Version 2.0: https://www.apache.org/licenses/LICENSE-2.0",a063b16385dbeee24b99dad07bb4ae1f,400a6fdb45bfa5318aa7d06360f4495b75080bb5,pkg:maven/org.springframework/spring-core@5.2.9.RELEASE,"cpe:2.3:a:pivotal_software:spring_framework:5.2.9:release:*:*:*:*:*:*, cpe:2.3:a:springsource:spring_framework:5.2.9:release:*:*:*:*:*:*, cpe:2.3:a:vmware:spring_framework:5.2.9:release:*:*:*:*:*:*, cpe:2.3:a:vmware:springsource_spring_framework:5.2.9:release:*:*:*:*:*:*",CVE-2022-22970,CWE-770 Allocation of Resources Without Limits or Throttling,"In spring framework versions prior to 5.3.20+ , 5.2.22+ and old unsupported versions, applications that handle file uploads are vulnerable to DoS attack if they rely on data binding to set a MultipartFile or javax.servlet.Part to a field in a model object.",NVD,MEDIUM,5.0,/AV:N/AC:L/Au:N/C:N/I:N/A:P,HIGH,7.5,CVSS:3.1/AV:N/AC:L/PR:N/UI:N/S:U/C:N/I:N/A:H,HIGH,30
spring-boot-demo,"Wed, 1 Jun 2022 16:16:23 -0500",spring-core-5.2.9.RELEASE.jar,C:\Users\crist\.m2\repository\org\springframework\spring-core\5.2.9.RELEASE\spring-core-5.2.9.RELEASE.jar,Spring Core,"Apache License, Version 2.0: https://www.apache.org/licenses/LICENSE-2.0",a063b16385dbeee24b99dad07bb4ae1f,400a6fdb45bfa5318aa7d06360f4495b75080bb5,pkg:maven/org.springframework/spring-core@5.2.9.RELEASE,"cpe:2.3:a:pivotal_software:spring_framework:5.2.9:release:*:*:*:*:*:*, cpe:2.3:a:springsource:spring_framework:5.2.9:release:*:*:*:*:*:*, cpe:2.3:a:vmware:spring_framework:5.2.9:release:*:*:*:*:*:*, cpe:2.3:a:vmware:springsource_spring_framework:5.2.9:release:*:*:*:*:*:*",CVE-2022-22971,CWE-770 Allocation of Resources Without Limits or Throttling,"In spring framework versions prior to 5.3.20+ , 5.2.22+ and old unsupported versions, application with a STOMP over WebSocket endpoint is vulnerable to a denial of service attack by an authenticated user.",NVD,MEDIUM,4.0,/AV:N/AC:L/Au:S/C:N/I:N/A:P,MEDIUM,6.5,CVSS:3.1/AV:N/AC:L/PR:L/UI:N/S:U/C:N/I:N/A:H,HIGH,30
spring-boot-demo,"Wed, 1 Jun 2022 16:16:23 -0500",tomcat-embed-core-9.0.38.jar,C:\Users\crist\.m2\repository\org\apache\tomcat\embed\tomcat-embed-core\9.0.38\tomcat-embed-core-9.0.38.jar,Core Tomcat implementation,"Apache License, Version 2.0: http://www.apache.org/licenses/LICENSE-2.0.txt",f98862daa7adeddd61eaa61c7ad34d45,368aac73f9274896fa8cccf20f4799533629471c,pkg:maven/org.apache.tomcat.embed/tomcat-embed-core@9.0.38,"cpe:2.3:a:apache:tomcat:9.0.38:*:*:*:*:*:*:*, cpe:2.3:a:apache_tomcat:apache_tomcat:9.0.38:*:*:*:*:*:*:*",CVE-2020-17527,CWE-200 Information Exposure,"While investigating bug 64830 it was discovered that Apache Tomcat 10.0.0-M1 to 10.0.0-M9, 9.0.0-M1 to 9.0.39 and 8.5.0 to 8.5.59 could re-use an HTTP request header value from the previous stream received on an HTTP/2 connection for the request associated with the subsequent stream. While this would most likely lead to an error and the closure of the HTTP/2 connection, it is possible that information could leak between requests.",NVD,MEDIUM,5.0,/AV:N/AC:L/Au:N/C:P/I:N/A:N,HIGH,7.5,CVSS:3.1/AV:N/AC:L/PR:N/UI:N/S:U/C:H/I:N/A:N,HIGH,68
spring-boot-demo,"Wed, 1 Jun 2022 16:16:23 -0500",tomcat-embed-core-9.0.38.jar,C:\Users\crist\.m2\repository\org\apache\tomcat\embed\tomcat-embed-core\9.0.38\tomcat-embed-core-9.0.38.jar,Core Tomcat implementation,"Apache License, Version 2.0: http://www.apache.org/licenses/LICENSE-2.0.txt",f98862daa7adeddd61eaa61c7ad34d45,368aac73f9274896fa8cccf20f4799533629471c,pkg:maven/org.apache.tomcat.embed/tomcat-embed-core@9.0.38,"cpe:2.3:a:apache:tomcat:9.0.38:*:*:*:*:*:*:*, cpe:2.3:a:apache_tomcat:apache_tomcat:9.0.38:*:*:*:*:*:*:*",CVE-2020-9484,CWE-502 Deserialization of Untrusted Data,"When using Apache Tomcat versions 10.0.0-M1 to 10.0.0-M4, 9.0.0.M1 to 9.0.34, 8.5.0 to 8.5.54 and 7.0.0 to 7.0.103 if a) an attacker is able to control the contents and name of a file on the server; and b) the server is configured to use the PersistenceManager with a FileStore; and c) the PersistenceManager is configured with sessionAttributeValueClassNameFilter=""null"" (the default unless a SecurityManager is used) or a sufficiently lax filter to allow the attacker provided object to be deserialized; and d) the attacker knows the relative file path from the storage location used by FileStore to the file the attacker has control over; then, using a specifically crafted request, the attacker will be able to trigger remote code execution via deserialization of the file under their control. Note that all of conditions a) to d) must be true for the attack to succeed.",NVD,MEDIUM,4.4,/AV:L/AC:M/Au:N/C:P/I:P/A:P,HIGH,7.0,CVSS:3.1/AV:L/AC:H/PR:L/UI:N/S:U/C:H/I:H/A:H,HIGH,68
spring-boot-demo,"Wed, 1 Jun 2022 16:16:23 -0500",tomcat-embed-core-9.0.38.jar,C:\Users\crist\.m2\repository\org\apache\tomcat\embed\tomcat-embed-core\9.0.38\tomcat-embed-core-9.0.38.jar,Core Tomcat implementation,"Apache License, Version 2.0: http://www.apache.org/licenses/LICENSE-2.0.txt",f98862daa7adeddd61eaa61c7ad34d45,368aac73f9274896fa8cccf20f4799533629471c,pkg:maven/org.apache.tomcat.embed/tomcat-embed-core@9.0.38,"cpe:2.3:a:apache:tomcat:9.0.38:*:*:*:*:*:*:*, cpe:2.3:a:apache_tomcat:apache_tomcat:9.0.38:*:*:*:*:*:*:*",CVE-2021-24122,CWE-200 Information Exposure,"When serving resources from a network location using the NTFS file system, Apache Tomcat versions 10.0.0-M1 to 10.0.0-M9, 9.0.0.M1 to 9.0.39, 8.5.0 to 8.5.59 and 7.0.0 to 7.0.106 were susceptible to JSP source code disclosure in some configurations. The root cause was the unexpected behaviour of the JRE API File.getCanonicalPath() which in turn was caused by the inconsistent behaviour of the Windows API (FindFirstFileW) in some circumstances.",NVD,MEDIUM,4.3,/AV:N/AC:M/Au:N/C:P/I:N/A:N,MEDIUM,5.9,CVSS:3.1/AV:N/AC:H/PR:N/UI:N/S:U/C:H/I:N/A:N,HIGH,68
spring-boot-demo,"Wed, 1 Jun 2022 16:16:23 -0500",tomcat-embed-core-9.0.38.jar,C:\Users\crist\.m2\repository\org\apache\tomcat\embed\tomcat-embed-core\9.0.38\tomcat-embed-core-9.0.38.jar,Core Tomcat implementation,"Apache License, Version 2.0: http://www.apache.org/licenses/LICENSE-2.0.txt",f98862daa7adeddd61eaa61c7ad34d45,368aac73f9274896fa8cccf20f4799533629471c,pkg:maven/org.apache.tomcat.embed/tomcat-embed-core@9.0.38,"cpe:2.3:a:apache:tomcat:9.0.38:*:*:*:*:*:*:*, cpe:2.3:a:apache_tomcat:apache_tomcat:9.0.38:*:*:*:*:*:*:*",CVE-2021-25122,NVD-CWE-noinfo,"When responding to new h2c connection requests, Apache Tomcat versions 10.0.0-M1 to 10.0.0, 9.0.0.M1 to 9.0.41 and 8.5.0 to 8.5.61 could duplicate request headers and a limited amount of request body from one request to another meaning user A and user B could both see the results of user A's request.",NVD,MEDIUM,5.0,/AV:N/AC:L/Au:N/C:P/I:N/A:N,HIGH,7.5,CVSS:3.1/AV:N/AC:L/PR:N/UI:N/S:U/C:H/I:N/A:N,HIGH,68
spring-boot-demo,"Wed, 1 Jun 2022 16:16:23 -0500",tomcat-embed-core-9.0.38.jar,C:\Users\crist\.m2\repository\org\apache\tomcat\embed\tomcat-embed-core\9.0.38\tomcat-embed-core-9.0.38.jar,Core Tomcat implementation,"Apache License, Version 2.0: http://www.apache.org/licenses/LICENSE-2.0.txt",f98862daa7adeddd61eaa61c7ad34d45,368aac73f9274896fa8cccf20f4799533629471c,pkg:maven/org.apache.tomcat.embed/tomcat-embed-core@9.0.38,"cpe:2.3:a:apache:tomcat:9.0.38:*:*:*:*:*:*:*, cpe:2.3:a:apache_tomcat:apache_tomcat:9.0.38:*:*:*:*:*:*:*",CVE-2021-25329,NVD-CWE-noinfo,"The fix for CVE-2020-9484 was incomplete. When using Apache Tomcat 10.0.0-M1 to 10.0.0, 9.0.0.M1 to 9.0.41, 8.5.0 to 8.5.61 or 7.0.0. to 7.0.107 with a configuration edge case that was highly unlikely to be used, the Tomcat instance was still vulnerable to CVE-2020-9494. Note that both the previously published prerequisites for CVE-2020-9484 and the previously published mitigations for CVE-2020-9484 also apply to this issue.",NVD,MEDIUM,4.4,/AV:L/AC:M/Au:N/C:P/I:P/A:P,HIGH,7.0,CVSS:3.1/AV:L/AC:H/PR:L/UI:N/S:U/C:H/I:H/A:H,HIGH,68
spring-boot-demo,"Wed, 1 Jun 2022 16:16:23 -0500",tomcat-embed-core-9.0.38.jar,C:\Users\crist\.m2\repository\org\apache\tomcat\embed\tomcat-embed-core\9.0.38\tomcat-embed-core-9.0.38.jar,Core Tomcat implementation,"Apache License, Version 2.0: http://www.apache.org/licenses/LICENSE-2.0.txt",f98862daa7adeddd61eaa61c7ad34d45,368aac73f9274896fa8cccf20f4799533629471c,pkg:maven/org.apache.tomcat.embed/tomcat-embed-core@9.0.38,"cpe:2.3:a:apache:tomcat:9.0.38:*:*:*:*:*:*:*, cpe:2.3:a:apache_tomcat:apache_tomcat:9.0.38:*:*:*:*:*:*:*",CVE-2021-30640,CWE-287 Improper Authentication,A vulnerability in the JNDI Realm of Apache Tomcat allows an attacker to authenticate using variations of a valid user name and/or to bypass some of the protection provided by the LockOut Realm. This issue affects Apache Tomcat 10.0.0-M1 to 10.0.5; 9.0.0.M1 to 9.0.45; 8.5.0 to 8.5.65.,NVD,MEDIUM,5.8,/AV:N/AC:M/Au:N/C:P/I:P/A:N,MEDIUM,6.5,CVSS:3.1/AV:N/AC:H/PR:N/UI:N/S:U/C:L/I:H/A:N,HIGH,68
spring-boot-demo,"Wed, 1 Jun 2022 16:16:23 -0500",tomcat-embed-core-9.0.38.jar,C:\Users\crist\.m2\repository\org\apache\tomcat\embed\tomcat-embed-core\9.0.38\tomcat-embed-core-9.0.38.jar,Core Tomcat implementation,"Apache License, Version 2.0: http://www.apache.org/licenses/LICENSE-2.0.txt",f98862daa7adeddd61eaa61c7ad34d45,368aac73f9274896fa8cccf20f4799533629471c,pkg:maven/org.apache.tomcat.embed/tomcat-embed-core@9.0.38,"cpe:2.3:a:apache:tomcat:9.0.38:*:*:*:*:*:*:*, cpe:2.3:a:apache_tomcat:apache_tomcat:9.0.38:*:*:*:*:*:*:*",CVE-2021-33037,CWE-444 Inconsistent Interpretation of HTTP Requests ('HTTP Request Smuggling'),"Apache Tomcat 10.0.0-M1 to 10.0.6, 9.0.0.M1 to 9.0.46 and 8.5.0 to 8.5.66 did not correctly parse the HTTP transfer-encoding request header in some circumstances leading to the possibility to request smuggling when used with a reverse proxy. Specifically: - Tomcat incorrectly ignored the transfer encoding header if the client declared it would only accept an HTTP/1.0 response; - Tomcat honoured the identify encoding; and - Tomcat did not ensure that, if present, the chunked encoding was the final encoding.",NVD,MEDIUM,5.0,/AV:N/AC:L/Au:N/C:N/I:P/A:N,MEDIUM,5.3,CVSS:3.1/AV:N/AC:L/PR:N/UI:N/S:U/C:N/I:L/A:N,HIGH,68
spring-boot-demo,"Wed, 1 Jun 2022 16:16:23 -0500",tomcat-embed-core-9.0.38.jar,C:\Users\crist\.m2\repository\org\apache\tomcat\embed\tomcat-embed-core\9.0.38\tomcat-embed-core-9.0.38.jar,Core Tomcat implementation,"Apache License, Version 2.0: http://www.apache.org/licenses/LICENSE-2.0.txt",f98862daa7adeddd61eaa61c7ad34d45,368aac73f9274896fa8cccf20f4799533629471c,pkg:maven/org.apache.tomcat.embed/tomcat-embed-core@9.0.38,"cpe:2.3:a:apache:tomcat:9.0.38:*:*:*:*:*:*:*, cpe:2.3:a:apache_tomcat:apache_tomcat:9.0.38:*:*:*:*:*:*:*",CVE-2021-41079,CWE-20 Improper Input Validation,"Apache Tomcat 8.5.0 to 8.5.63, 9.0.0-M1 to 9.0.43 and 10.0.0-M1 to 10.0.2 did not properly validate incoming TLS packets. When Tomcat was configured to use NIO+OpenSSL or NIO2+OpenSSL for TLS, a specially crafted packet could be used to trigger an infinite loop resulting in a denial of service.",NVD,MEDIUM,4.3,/AV:N/AC:M/Au:N/C:N/I:N/A:P,HIGH,7.5,CVSS:3.1/AV:N/AC:L/PR:N/UI:N/S:U/C:N/I:N/A:H,HIGH,68
spring-boot-demo,"Wed, 1 Jun 2022 16:16:23 -0500",tomcat-embed-core-9.0.38.jar,C:\Users\crist\.m2\repository\org\apache\tomcat\embed\tomcat-embed-core\9.0.38\tomcat-embed-core-9.0.38.jar,Core Tomcat implementation,"Apache License, Version 2.0: http://www.apache.org/licenses/LICENSE-2.0.txt",f98862daa7adeddd61eaa61c7ad34d45,368aac73f9274896fa8cccf20f4799533629471c,pkg:maven/org.apache.tomcat.embed/tomcat-embed-core@9.0.38,"cpe:2.3:a:apache:tomcat:9.0.38:*:*:*:*:*:*:*, cpe:2.3:a:apache_tomcat:apache_tomcat:9.0.38:*:*:*:*:*:*:*",CVE-2022-23181,CWE-367 Time-of-check Time-of-use (TOCTOU) Race Condition,"The fix for bug CVE-2020-9484 introduced a time of check, time of use vulnerability into Apache Tomcat 10.1.0-M1 to 10.1.0-M8, 10.0.0-M5 to 10.0.14, 9.0.35 to 9.0.56 and 8.5.55 to 8.5.73 that allowed a local attacker to perform actions with the privileges of the user that the Tomcat process is using. This issue is only exploitable when Tomcat is configured to persist sessions using the FileStore.",NVD,LOW,3.7,/AV:L/AC:H/Au:N/C:P/I:P/A:P,HIGH,7.0,CVSS:3.1/AV:L/AC:H/PR:L/UI:N/S:U/C:H/I:H/A:H,HIGH,68
spring-boot-demo,"Wed, 1 Jun 2022 16:16:23 -0500",tomcat-embed-core-9.0.38.jar,C:\Users\crist\.m2\repository\org\apache\tomcat\embed\tomcat-embed-core\9.0.38\tomcat-embed-core-9.0.38.jar,Core Tomcat implementation,"Apache License, Version 2.0: http://www.apache.org/licenses/LICENSE-2.0.txt",f98862daa7adeddd61eaa61c7ad34d45,368aac73f9274896fa8cccf20f4799533629471c,pkg:maven/org.apache.tomcat.embed/tomcat-embed-core@9.0.38,"cpe:2.3:a:apache:tomcat:9.0.38:*:*:*:*:*:*:*, cpe:2.3:a:apache_tomcat:apache_tomcat:9.0.38:*:*:*:*:*:*:*",CVE-2022-29885,NVD-CWE-noinfo,"The documentation of Apache Tomcat 10.1.0-M1 to 10.1.0-M14, 10.0.0-M1 to 10.0.20, 9.0.13 to 9.0.62 and 8.5.38 to 8.5.78 for the EncryptInterceptor incorrectly stated it enabled Tomcat clustering to run over an untrusted network. This was not correct. While the EncryptInterceptor does provide confidentiality and integrity protection, it does not protect against all risks associated with running over any untrusted network, particularly DoS risks.",NVD,MEDIUM,5.0,/AV:N/AC:L/Au:N/C:N/I:N/A:P,HIGH,7.5,CVSS:3.1/AV:N/AC:L/PR:N/UI:N/S:U/C:N/I:N/A:H,HIGH,68
